{"cameraMode":{"drawMode":0,"name":"Shaded","section":"Shading Mode"},"sceneLighting":false,"audioPlay":false,"sceneViewState":{"showFog":true,"showMaterialUpdate":true,"showSkybox":false,"showFlares":true,"showImageEffects":true,"showParticleSystems":true,"showVisualEffectGraphs":true,"m_FxEnabled":true},"in2DMode":false,"pivot":{"x":9.5367431640625e-7,"y":-0.010607719421386719,"z":-0.04136848449707031},"rotation":{"x":0.052914753556251529,"y":0.945112943649292,"z":-0.19434896111488343,"w":0.25729745626449587},"size":8.003608703613282,"orthographic":false}