{"cameraMode":{"drawMode":0,"name":"Shaded","section":"Shading Mode"},"sceneLighting":false,"audioPlay":false,"sceneViewState":{"showFog":true,"showMaterialUpdate":true,"showSkybox":false,"showFlares":true,"showImageEffects":true,"showParticleSystems":true,"showVisualEffectGraphs":true,"m_FxEnabled":true},"in2DMode":false,"pivot":{"x":1.0546461343765259,"y":-1.7372533082962037,"z":-11.463482856750489},"rotation":{"x":0.052914753556251529,"y":0.945112943649292,"z":-0.19434896111488343,"w":0.25729745626449587},"size":12.110724449157715,"orthographic":false}