{"cameraMode":{"drawMode":0,"name":"Shaded","section":"Shading Mode"},"sceneLighting":false,"audioPlay":false,"sceneViewState":{"showFog":true,"showMaterialUpdate":true,"showSkybox":false,"showFlares":true,"showImageEffects":true,"showParticleSystems":true,"showVisualEffectGraphs":true,"m_FxEnabled":true},"in2DMode":false,"pivot":{"x":0.07631921768188477,"y":8.423151969909668,"z":-0.006649374961853027},"rotation":{"x":0.052914753556251529,"y":0.945112943649292,"z":-0.19434896111488343,"w":0.25729745626449587},"size":8.521692276000977,"orthographic":false}