{"cameraMode":{"drawMode":0,"name":"Shaded","section":"Shading Mode"},"sceneLighting":false,"audioPlay":false,"sceneViewState":{"showFog":true,"showMaterialUpdate":true,"showSkybox":false,"showFlares":true,"showImageEffects":true,"showParticleSystems":true,"showVisualEffectGraphs":true,"m_FxEnabled":true},"in2DMode":false,"pivot":{"x":-1.0534796714782715,"y":2.0136070251464845,"z":-0.011824816465377808},"rotation":{"x":0.007574212737381458,"y":0.9921103715896606,"z":-0.0748572126030922,"w":0.1003437489271164},"size":2.3388888835906984,"orthographic":false}