{"cameraMode":{"drawMode":0,"name":"Shaded","section":"Shading Mode"},"sceneLighting":false,"audioPlay":false,"sceneViewState":{"showFog":true,"showMaterialUpdate":true,"showSkybox":false,"showFlares":true,"showImageEffects":true,"showParticleSystems":true,"showVisualEffectGraphs":true,"m_FxEnabled":true},"in2DMode":false,"pivot":{"x":0.002488851547241211,"y":2.5119681358337404,"z":0.007294327020645142},"rotation":{"x":0.007574212737381458,"y":0.9921103715896606,"z":-0.0748572126030922,"w":0.1003437489271164},"size":3.576645851135254,"orthographic":false}