{"cameraMode":{"drawMode":0,"name":"Shaded","section":"Shading Mode"},"sceneLighting":false,"audioPlay":false,"sceneViewState":{"showFog":true,"showMaterialUpdate":true,"showSkybox":false,"showFlares":true,"showImageEffects":true,"showParticleSystems":true,"showVisualEffectGraphs":true,"m_FxEnabled":true},"in2DMode":false,"pivot":{"x":-0.008928954601287842,"y":1.121266484260559,"z":0.013878494501113892},"rotation":{"x":0.052914753556251529,"y":0.945112943649292,"z":-0.19434896111488343,"w":0.25729745626449587},"size":1.5487866401672364,"orthographic":false}