{"cameraMode":{"drawMode":0,"name":"Shaded","section":"Shading Mode"},"sceneLighting":false,"audioPlay":false,"sceneViewState":{"showFog":true,"showMaterialUpdate":true,"showSkybox":false,"showFlares":true,"showImageEffects":true,"showParticleSystems":true,"showVisualEffectGraphs":true,"m_FxEnabled":true},"in2DMode":false,"pivot":{"x":-0.6879192590713501,"y":1.2037783861160279,"z":-0.7045727968215942},"rotation":{"x":0.037277642637491229,"y":0.959079384803772,"z":-0.1511465162038803,"w":0.23653250932693482},"size":1.5552293062210084,"orthographic":false}