{"cameraMode":{"drawMode":0,"name":"Shaded","section":"Shading Mode"},"sceneLighting":false,"audioPlay":false,"sceneViewState":{"showFog":true,"showMaterialUpdate":true,"showSkybox":false,"showFlares":true,"showImageEffects":true,"showParticleSystems":true,"showVisualEffectGraphs":true,"m_FxEnabled":true},"in2DMode":false,"pivot":{"x":-5.077881813049316,"y":10.000123977661133,"z":0.47612833976745608},"rotation":{"x":0.037277642637491229,"y":0.959079384803772,"z":-0.1511465162038803,"w":0.23653250932693482},"size":11.373970985412598,"orthographic":false}