{"cameraMode":{"drawMode":0,"name":"Shaded","section":"Shading Mode"},"sceneLighting":false,"audioPlay":false,"sceneViewState":{"showFog":true,"showMaterialUpdate":true,"showSkybox":false,"showFlares":true,"showImageEffects":true,"showParticleSystems":true,"showVisualEffectGraphs":true,"m_FxEnabled":true},"in2DMode":false,"pivot":{"x":0.043643951416015628,"y":0.025960326194763185,"z":-0.015529632568359375},"rotation":{"x":0.052914753556251529,"y":0.945112943649292,"z":-0.19434896111488343,"w":0.25729745626449587},"size":7.812262058258057,"orthographic":false}